accuracy,kappa,f1-score,best_epoch,test_dataset,accuracy_TMA20,kappa_TMA20,f1-score_TMA20
0.6380597014925373,0.7711596134621792,0.6262426781751129,1363,central_0,0.5487179487179488,0.7180665318875206,0.5390305725668739
0.6305970149253731,0.8175201333615083,0.6282399841319088,1226,federated_0,0.5538461538461539,0.7314094160208434,0.5498364954559923
0.41044776119402987,0.6840238773824001,0.3943595228812769,1265,local_0,,,
0.44029850746268656,0.6664576802507838,0.41902976061768893,1265,local_0,,,
0.45149253731343286,0.7487731545479679,0.4493373759122222,1265,local_0,,,
0.458955223880597,0.712816116588084,0.44229163261768556,1265,local_0,,,
0.458955223880597,0.6943235425620249,0.4331248286059961,1265,local_0,,,
0.44569288389513106,0.6703778785048857,0.42093379340236164,1265,local_0,,,
0.45318352059925093,0.647614735462988,0.4327839612362991,1265,local_0,,,
0.45692883895131087,0.6987905015534843,0.44738815622335715,1265,local_0,,,
0.4868913857677903,0.6959781452516061,0.45874323530510847,1265,local_0,0.4153846153846154,0.68557909634355,0.39155584791951303
0.6305970149253731,0.8024933302592141,0.6266274786072754,1315,central_1,0.5384615384615384,0.6852834503582212,0.5272024136244319
0.5895522388059702,0.7993859529129238,0.5987923525348285,822,federated_1,0.5128205128205128,0.7507031449757096,0.5143636447268299
0.5074626865671642,0.7037937608797767,0.4958862488603304,1373,local_1,,,
0.48880597014925375,0.6466314458187951,0.48239985871138724,1373,local_1,,,
0.48134328358208955,0.7216967560958067,0.4730636069278461,1373,local_1,,,
0.4626865671641791,0.6794603021018115,0.4538795920231655,1373,local_1,,,
0.5261194029850746,0.6986082549941246,0.5072441778925906,1373,local_1,,,
0.449438202247191,0.6336076284323966,0.4287387752186089,1373,local_1,,,
0.4606741573033708,0.6790476634207706,0.4575926108813558,1373,local_1,,,
0.5131086142322098,0.7148659626320064,0.5032008449017787,1373,local_1,,,
0.49063670411985016,0.6784722534261964,0.47704070176925345,1373,local_1,0.46153846153846156,0.6433599930326739,0.43118633898808134
0.585820895522388,0.757531799233459,0.5913163987615261,956,central_2,0.5641025641025641,0.7856990546591798,0.5625513945025178
0.5671641791044776,0.739445570922737,0.5687177347684845,1372,federated_2,0.5435897435897435,0.7449135795596871,0.5462737276010579
0.4626865671641791,0.7034574714346562,0.4529679332033545,1437,local_2,,,
0.44402985074626866,0.6756008991872731,0.4375475801014396,1437,local_2,,,
0.44029850746268656,0.6822791274531261,0.43407544050167896,1437,local_2,,,
0.417910447761194,0.624604744910224,0.41109288027418456,1437,local_2,,,
0.44402985074626866,0.6443869189511322,0.4265154414408146,1437,local_2,,,
0.449438202247191,0.6607629037342733,0.431758749599749,1437,local_2,,,
0.43820224719101125,0.7088654382819863,0.4415580096550965,1437,local_2,,,
0.45318352059925093,0.6798157817377549,0.45085059598822086,1437,local_2,,,
0.48314606741573035,0.6882966506721051,0.46451295177071433,1437,local_2,0.38461538461538464,0.6348179456242552,0.3506238043479908
0.6007462686567164,0.8280231421121251,0.610409964584979,1323,central_3,0.558974358974359,0.7804220487445728,0.5573182813877603
0.5932835820895522,0.8264055273861928,0.6045127894415525,1266,federated_3,0.5384615384615384,0.7588681191325131,0.5415180946028999
0.4552238805970149,0.6544442498199723,0.4345474633016943,1259,local_3,,,
0.48880597014925375,0.7018459509943962,0.48296939156169,1259,local_3,,,
0.45149253731343286,0.5974628564868407,0.4293358020857663,1259,local_3,,,
0.43656716417910446,0.6482244679049286,0.4101057496238223,1259,local_3,,,
0.4701492537313433,0.6623349038387272,0.44103262550181443,1259,local_3,,,
0.45692883895131087,0.653077588163977,0.4348754503480506,1259,local_3,,,
0.4606741573033708,0.6573347261602747,0.441211302384212,1259,local_3,,,
0.4419475655430712,0.6674835824926603,0.42142216179757275,1259,local_3,,,
0.4681647940074906,0.6238625938125104,0.4374606547506161,1259,local_3,0.40512820512820513,0.6408299815810247,0.35781584958195667
0.5671641791044776,0.7984132924182322,0.5807656527048309,579,central_4,0.5282051282051282,0.7934002622943308,0.5359195176310909
0.5708955223880597,0.7642193280596745,0.5818681200765434,1121,federated_4,0.5384615384615384,0.7559773640904108,0.54388769486964
0.45149253731343286,0.6832983193277311,0.4354068253571156,1197,local_4,,,
0.3880597014925373,0.6681260783258817,0.35675602971476544,1197,local_4,,,
0.45149253731343286,0.6485884647944349,0.4372928104474178,1197,local_4,,,
0.3805970149253731,0.7074606855569243,0.3729722808060171,1197,local_4,,,
0.4664179104477612,0.7029181639307918,0.43616641754138263,1197,local_4,,,
0.43820224719101125,0.6303889255108768,0.40950555754757156,1197,local_4,,,
0.4307116104868914,0.6678196778480476,0.40501439353101987,1197,local_4,,,
0.41198501872659177,0.7045899590306228,0.38830669970626797,1197,local_4,,,
0.46441947565543074,0.6971352648490354,0.44576758563362784,1197,local_4,0.3641025641025641,0.6578103925862544,0.3330908499642991
0.6082089552238806,0.8135915799772225,0.6166315247232808,1247,central_5,0.5230769230769231,0.7113527434008154,0.527855514367614
0.6305970149253731,0.8014453019761969,0.6348300758601245,1106,federated_5,0.5384615384615384,0.7412477860069796,0.53601781914437
0.43283582089552236,0.6973803071364046,0.4233187008773036,1167,local_5,,,
0.4141791044776119,0.6869948704532501,0.4054185273638853,1167,local_5,,,
0.43656716417910446,0.6554591094637077,0.4281933010635842,1167,local_5,,,
0.47761194029850745,0.7380289234065345,0.4689172560251705,1167,local_5,,,
0.48507462686567165,0.7033569225185992,0.46199836383400755,1167,local_5,,,
0.46441947565543074,0.6103056671439095,0.44507388443396845,1167,local_5,,,
0.5243445692883895,0.7132851848332225,0.5047542992116466,1167,local_5,,,
0.44569288389513106,0.732906827963243,0.4312235296702491,1167,local_5,,,
0.5318352059925093,0.7133504803760775,0.5113545334793059,1167,local_5,0.4205128205128205,0.7163676810312866,0.39058730329030783
0.5355805243445693,0.7202469325587699,0.5338955202716583,1051,central_6,0.5128205128205128,0.7106600799699666,0.5182755973816937
0.5767790262172284,0.7705600527366971,0.5746559082150623,1351,federated_6,0.5282051282051282,0.7610890282235934,0.5331971312527346
0.332089552238806,0.5749362017955,0.2974905327153375,592,local_6,,,
0.3208955223880597,0.6180219095985835,0.27858301829810744,592,local_6,,,
0.30597014925373134,0.5377229080932784,0.2542365689066396,592,local_6,,,
0.34701492537313433,0.6297139141742523,0.3170041142376648,592,local_6,,,
0.34701492537313433,0.5740259740259741,0.3071374522951316,592,local_6,,,
0.376865671641791,0.5639256749820347,0.31275908321830714,592,local_6,,,
0.3295880149812734,0.5895801522806227,0.29860250207430156,592,local_6,,,
0.34831460674157305,0.6341470786777226,0.306390019060484,592,local_6,,,
0.3857677902621723,0.600183020673017,0.3191652970235835,592,local_6,0.3230769230769231,0.5942826634842621,0.2757331557331557
0.6928838951310862,0.8155343451258983,0.6949979796910738,1215,central_7,0.5641025641025641,0.7330432072657659,0.5593096915752772
0.6704119850187266,0.8292038886946691,0.6818917020608841,639,federated_7,0.5692307692307692,0.7866944008342921,0.5699069403424282
0.4925373134328358,0.7151939901974257,0.46807989463169,1494,local_7,,,
0.4962686567164179,0.745397442348736,0.49206782233705626,1494,local_7,,,
0.5111940298507462,0.6519327804835242,0.5094766000258748,1494,local_7,,,
0.417910447761194,0.7031293270562171,0.42379199104843046,1494,local_7,,,
0.4925373134328358,0.6986506746626687,0.48611595126312035,1494,local_7,,,
0.4925373134328358,0.7024042870758331,0.47056491080504137,1494,local_7,,,
0.46441947565543074,0.6341950921972506,0.4454468544356185,1494,local_7,,,
0.4681647940074906,0.7111284696502405,0.44845884427167104,1494,local_7,,,
0.4943820224719101,0.6863187535548116,0.47086331142525617,1494,local_7,0.4717948717948718,0.7209467937196921,0.45212494388676044
0.6329588014981273,0.8333519092307349,0.6412888781084715,1299,central_8,0.5230769230769231,0.7635364401971364,0.5297426034577737
0.602996254681648,0.8087981642898943,0.6071121683481235,761,federated_8,0.5333333333333333,0.7808748869078147,0.536604777738381
0.4626865671641791,0.6668419794405929,0.44097322928140936,1108,local_8,,,
0.44029850746268656,0.6921288114151769,0.42792015835246644,1108,local_8,,,
0.40298507462686567,0.6153072863301564,0.38696415838736375,1108,local_8,,,
0.43656716417910446,0.7052495378927911,0.4287476633273231,1108,local_8,,,
0.47388059701492535,0.6755747763731796,0.4550236648838284,1108,local_8,,,
0.4253731343283582,0.6377340466182653,0.4039958875080144,1108,local_8,,,
0.45318352059925093,0.6549369061506217,0.4233590158509663,1108,local_8,,,
0.45692883895131087,0.6845315257999245,0.44657214901474784,1108,local_8,,,
0.49063670411985016,0.6770835863087287,0.45279465752878667,1108,local_8,0.38974358974358975,0.6031617289230361,0.3501871364268651
0.6591760299625468,0.8027749643991258,0.6526939825338649,1272,central_9,0.5641025641025641,0.7415245162447979,0.5574781377265421
0.6666666666666666,0.8243533308021668,0.6692678593279376,632,federated_9,0.5282051282051282,0.7688957691849684,0.5315466395368147
0.44776119402985076,0.6737053890414051,0.4254271132205938,1301,local_9,,,
0.43283582089552236,0.6873130665876492,0.42349550646778705,1301,local_9,,,
0.45149253731343286,0.654899815101317,0.4269682598988937,1301,local_9,,,
0.43283582089552236,0.7033584104243908,0.42325996939924343,1301,local_9,,,
0.4291044776119403,0.643650510252025,0.40924237735106667,1301,local_9,,,
0.417910447761194,0.6331279945242985,0.40091241521804555,1301,local_9,,,
0.43820224719101125,0.6741938650995133,0.41892981578815464,1301,local_9,,,
0.4606741573033708,0.7052290822675262,0.445133910035087,1301,local_9,,,
0.4344569288389513,0.7222392509822498,0.4240548555887399,1301,local_9,0.38974358974358975,0.6392312161707593,0.3344007538252142
0.6231343283582089,0.8097496665080467,0.620270130673278,1382,central_0,0.5230769230769231,0.7314430155914375,0.5254089043751126
0.6417910447761194,0.8100753632906859,0.6484076524669515,1055,federated_0,0.5538461538461539,0.7474804346602106,0.5515191062609561
0.47761194029850745,0.6930532812100675,0.4633543630841624,1339,local_0,,,
0.48134328358208955,0.5999416512690849,0.45578615436603054,1339,local_0,,,
0.4626865671641791,0.6978565228876561,0.45434488777524784,1339,local_0,,,
0.4626865671641791,0.6259568345323742,0.44181838325786227,1339,local_0,,,
0.43656716417910446,0.658694246929541,0.41285462161662073,1339,local_0,,,
0.45318352059925093,0.6370840714261179,0.4299717242727893,1339,local_0,,,
0.45318352059925093,0.647233691164327,0.43364925096381013,1339,local_0,,,
0.44569288389513106,0.6619296599186665,0.4218485735053847,1339,local_0,,,
0.4868913857677903,0.6337163483523219,0.45325999114366583,1339,local_0,0.40512820512820513,0.597057361257846,0.3487865126326664
0.6194029850746269,0.8013253959339548,0.6134878733519299,1215,central_1,0.5333333333333333,0.7170196362976735,0.5284992221273164
0.6231343283582089,0.8005217770493283,0.6346083435675642,891,federated_1,0.49743589743589745,0.7604274774901125,0.5075519631568537
0.45149253731343286,0.678050666470285,0.44472587792063345,1232,local_1,,,
0.4626865671641791,0.6590054851182447,0.4536130321738801,1232,local_1,,,
0.47388059701492535,0.7251034730969947,0.46625486539580707,1232,local_1,,,
0.47388059701492535,0.6438839065553709,0.45170841046959453,1232,local_1,,,
0.5074626865671642,0.7040894220283533,0.48255709047034306,1232,local_1,,,
0.47191011235955055,0.6705546903521866,0.4544275427505377,1232,local_1,,,
0.49812734082397003,0.6788928026467778,0.48158757596959845,1232,local_1,,,
0.4606741573033708,0.6917445230091572,0.44948696101598773,1232,local_1,,,
0.5168539325842697,0.6575572217837411,0.5054614387570684,1232,local_1,0.4307692307692308,0.6620061708416942,0.4048758484247983
0.6194029850746269,0.7403416517219368,0.6102559234814305,1289,central_2,0.5230769230769231,0.7434010237195143,0.5221736428077215
0.6007462686567164,0.7519776354392271,0.6070883834316647,722,federated_2,0.5692307692307692,0.7652750610539474,0.5677700553280117
0.48507462686567165,0.6762311264877875,0.47519073649533117,1234,local_2,,,
0.45149253731343286,0.6716082617776746,0.4339652019372617,1234,local_2,,,
0.43283582089552236,0.6609164127122333,0.4288916167937435,1234,local_2,,,
0.44776119402985076,0.621010101010101,0.434742294860408,1234,local_2,,,
0.4552238805970149,0.6576933080667335,0.4416666261091447,1234,local_2,,,
0.45318352059925093,0.6351589891219249,0.4358952018301285,1234,local_2,,,
0.449438202247191,0.6976018497196754,0.44261070809148095,1234,local_2,,,
0.42696629213483145,0.6901731933149402,0.408692412422381,1234,local_2,,,
0.4868913857677903,0.6854713669104946,0.46553169106366044,1234,local_2,0.40512820512820513,0.6493662175061603,0.3728977403858275
0.582089552238806,0.8307879724269075,0.5911059071874839,919,central_3,0.5230769230769231,0.7279537621046215,0.521886920093975
0.5932835820895522,0.8441639483761169,0.6109931872320341,1030,federated_3,0.5384615384615384,0.7739545287733953,0.5412778963100282
0.48507462686567165,0.6934424362089915,0.4692956716231585,1299,local_3,,,
0.48880597014925375,0.7252163544056803,0.48020510001270306,1299,local_3,,,
0.4664179104477612,0.6296579863866817,0.45197097917544987,1299,local_3,,,
0.43656716417910446,0.6540618847739683,0.4078031865396884,1299,local_3,,,
0.4664179104477612,0.6645366167273861,0.4258844620928566,1299,local_3,,,
0.449438202247191,0.6420673328325996,0.4240941127640051,1299,local_3,,,
0.4794007490636704,0.6271677602438401,0.456409702055531,1299,local_3,,,
0.4344569288389513,0.6912908167689595,0.4124435885529539,1299,local_3,,,
0.46441947565543074,0.662083206455542,0.4290836656477524,1299,local_3,0.4153846153846154,0.6719652149119681,0.37679268605861793
0.5559701492537313,0.7178689124862687,0.5585504412287221,1056,central_4,0.5435897435897435,0.7560079226586917,0.5407816319069155
0.5410447761194029,0.7764030370597065,0.5575485522563343,713,federated_4,0.5076923076923077,0.7813705265046192,0.5158157291793227
0.5,0.7067491815776492,0.4841889311184928,1496,local_4,,,
0.5074626865671642,0.7058088477759072,0.4961551645469391,1496,local_4,,,
0.47388059701492535,0.6163035210952531,0.46973260816692297,1496,local_4,,,
0.44402985074626866,0.7284890829694324,0.44086243100002465,1496,local_4,,,
0.5223880597014925,0.696028893712415,0.5032056976144232,1496,local_4,,,
0.46441947565543074,0.6414660476219731,0.4529894059830147,1496,local_4,,,
0.550561797752809,0.6834922097616183,0.5441077754721217,1496,local_4,,,
0.5056179775280899,0.7397766010482774,0.4934000411149478,1496,local_4,,,
0.4756554307116105,0.701530077551876,0.468578914969041,1496,local_4,0.4307692307692308,0.6923841718035395,0.4264897595970892
0.585820895522388,0.7787431040469117,0.590587322102982,1008,central_5,0.5333333333333333,0.7390215165692453,0.5314738337109255
0.5746268656716418,0.7823945594827849,0.582756726558399,1393,federated_5,0.49743589743589745,0.7279285819617274,0.49458485841174143
0.3283582089552239,0.5754234196675179,0.27017335692743055,559,local_5,,,
0.30970149253731344,0.5898491083676269,0.24273964572472037,559,local_5,,,
0.35447761194029853,0.593176037718778,0.31237566358411767,559,local_5,,,
0.3358208955223881,0.6054357064799449,0.27603435173072505,559,local_5,,,
0.3582089552238806,0.5775673855822399,0.28778065402858305,559,local_5,,,
0.36704119850187267,0.573783576362241,0.30891916304007494,559,local_5,,,
0.3595505617977528,0.6334246913453281,0.3142750629822707,559,local_5,,,
0.3408239700374532,0.6055967594999253,0.2937875921981434,559,local_5,,,
0.3970037453183521,0.6085796034739003,0.33394235052738486,559,local_5,0.3282051282051282,0.5711040033515683,0.27715931129877325
0.5580524344569289,0.7254614052003857,0.5503477552835901,1412,central_6,0.5333333333333333,0.7258869211536024,0.5323850483317184
0.5280898876404494,0.7711044390538323,0.5235465824112793,1487,federated_6,0.5435897435897435,0.7607439900975048,0.5411134104462576
0.4552238805970149,0.6969293810866903,0.450117476537617,1223,local_6,,,
0.43283582089552236,0.6907640027726589,0.4354378854938765,1223,local_6,,,
0.376865671641791,0.6592987021881312,0.3860697271112261,1223,local_6,,,
0.4141791044776119,0.7324019432036777,0.4283306134891732,1223,local_6,,,
0.4253731343283582,0.6265131774252071,0.42074429129074814,1223,local_6,,,
0.4216417910447761,0.6349911427223442,0.41468682321585665,1223,local_6,,,
0.45318352059925093,0.6941936522991848,0.4544625333516525,1223,local_6,,,
0.45318352059925093,0.7589216613638318,0.4308500144823379,1223,local_6,,,
0.4794007490636704,0.6974331494430585,0.4654110599562689,1223,local_6,0.37948717948717947,0.663392701823875,0.373601135004928
0.6816479400749064,0.8191356445033192,0.6858840377358784,749,central_7,0.5076923076923077,0.7260044829547354,0.5099301126808656
0.6254681647940075,0.809431917312115,0.6395684696220804,544,federated_7,0.5128205128205128,0.7781493868450391,0.522684312341269
0.5149253731343284,0.6771114377686396,0.5005230216857166,1297,local_7,,,
0.41044776119402987,0.7207541146424518,0.40657970532273874,1297,local_7,,,
0.48507462686567165,0.6369921739606326,0.46944334675302735,1297,local_7,,,
0.458955223880597,0.6610395143252742,0.4536716965516782,1297,local_7,,,
0.44029850746268656,0.651512697298562,0.4340119869332576,1297,local_7,,,
0.48134328358208955,0.6916514662550863,0.46339899614308766,1297,local_7,,,
0.44569288389513106,0.6014440959813288,0.41835611031127,1297,local_7,,,
0.4606741573033708,0.7014023742565825,0.44261793772670444,1297,local_7,,,
0.5131086142322098,0.6541966382169878,0.4947664343495652,1297,local_7,0.4461538461538462,0.675443421362802,0.41513741110475233
0.5767790262172284,0.8025179682600936,0.5771816849120442,534,central_8,0.5538461538461539,0.7573225992771184,0.5559472313553907
0.5655430711610487,0.8106096229407592,0.5720676135326401,509,federated_8,0.5487179487179488,0.7770232427891347,0.5499144638232899
0.4664179104477612,0.6821388850271097,0.4619467555119624,1374,local_8,,,
0.45149253731343286,0.7329398682747412,0.44791363674875684,1374,local_8,,,
0.44776119402985076,0.6540535067959199,0.46610174722158293,1374,local_8,,,
0.4216417910447761,0.7181543315367425,0.4314977354432714,1374,local_8,,,
0.4701492537313433,0.7044876945022873,0.47814380400295164,1374,local_8,,,
0.44776119402985076,0.668646687273216,0.43890677275879414,1374,local_8,,,
0.50187265917603,0.6861375697961865,0.4985215974331849,1374,local_8,,,
0.4756554307116105,0.7414077428474204,0.48531832254918544,1374,local_8,,,
0.5205992509363296,0.7310113230292332,0.5098358842659004,1374,local_8,0.41025641025641024,0.6535949458387318,0.4062649022445038
0.6591760299625468,0.7978909973918518,0.6529665263489364,1344,central_9,0.5538461538461539,0.7437639933001348,0.5446117259389006
0.6741573033707865,0.8284753865690595,0.6740361857712273,1369,federated_9,0.5384615384615384,0.7562713797035348,0.5388741742587897
0.4216417910447761,0.6474548780717801,0.4030481977226498,1055,local_9,,,
0.4291044776119403,0.6725152744741383,0.4111596412787403,1055,local_9,,,
0.3843283582089552,0.6313246544088043,0.3570637702644492,1055,local_9,,,
0.40298507462686567,0.678945420906568,0.38403168818431804,1055,local_9,,,
0.4216417910447761,0.677738451765133,0.4020737713816002,1055,local_9,,,
0.44402985074626866,0.654526634591424,0.4196686705362079,1055,local_9,,,
0.43820224719101125,0.6046878304843579,0.41222143052771804,1055,local_9,,,
0.44569288389513106,0.6847010058949905,0.4273222703697506,1055,local_9,,,
0.40074906367041196,0.6867101390732299,0.36116548681210864,1055,local_9,0.38461538461538464,0.6515114799781911,0.33917457109518645
0.6268656716417911,0.8205654537581988,0.6290748060765151,803,central_0,0.517948717948718,0.785912005512795,0.5195877063703462
0.6343283582089553,0.8361637012811666,0.6366959571047826,1452,federated_0,0.558974358974359,0.7599534213152933,0.5596964382498445
0.41044776119402987,0.7021808584525628,0.38923851616869337,1262,local_0,,,
0.44029850746268656,0.6491397480060539,0.4242602805349764,1262,local_0,,,
0.44776119402985076,0.7566412648671748,0.4426568720357131,1262,local_0,,,
0.47388059701492535,0.680383088744037,0.4491416123849378,1262,local_0,,,
0.45149253731343286,0.6877610752749282,0.41351866985904545,1262,local_0,,,
0.4419475655430712,0.6661472281579217,0.41502042919448134,1262,local_0,,,
0.47191011235955055,0.6922361865100022,0.4585674241743893,1262,local_0,,,
0.39325842696629215,0.6735521235521236,0.38681179615974237,1262,local_0,,,
0.49063670411985016,0.6895378427578844,0.455684035037576,1262,local_0,0.4256410256410256,0.6723319836258521,0.374631606758594
0.5895522388059702,0.7916233606524861,0.5850242785225405,1455,central_1,0.5128205128205128,0.713884652710384,0.5075407104131714
0.6082089552238806,0.8048991059278011,0.6182853237261429,1490,federated_1,0.5487179487179488,0.7543337496080232,0.5482859711086808
0.4962686567164179,0.714678121082516,0.4877558837227599,1375,local_1,,,
0.503731343283582,0.6542709966405374,0.49834721165357926,1375,local_1,,,
0.4664179104477612,0.7272203206629436,0.4576163873829941,1375,local_1,,,
0.47761194029850745,0.6388305162174509,0.4621610181805448,1375,local_1,,,
0.5,0.6823286601465174,0.48231577475982557,1375,local_1,,,
0.46441947565543074,0.6314500134264864,0.44895429891324246,1375,local_1,,,
0.48314606741573035,0.678996812615333,0.4774746160590546,1375,local_1,,,
0.48314606741573035,0.719923136905425,0.4752882884126803,1375,local_1,,,
0.5393258426966292,0.6779135261625534,0.5230069303955401,1375,local_1,0.41025641025641024,0.6379585786042228,0.3747149469502411
0.5634328358208955,0.7268001971591164,0.5605714168797048,1234,central_2,0.5384615384615384,0.7564316309190036,0.5365890500694552
0.582089552238806,0.7550736788042206,0.5841998943550507,911,federated_2,0.5282051282051282,0.7525126059067677,0.5315305146699013
0.43656716417910446,0.6656654543360812,0.4148394702793816,1047,local_2,,,
0.4216417910447761,0.695476781542056,0.4104408615792097,1047,local_2,,,
0.3656716417910448,0.7046812032239493,0.36629866847079895,1047,local_2,,,
0.3917910447761194,0.630267149069912,0.3829091767028882,1047,local_2,,,
0.43656716417910446,0.6448529619082528,0.4154934410984357,1047,local_2,,,
0.41947565543071164,0.64989471669219,0.4031321884162806,1047,local_2,,,
0.41198501872659177,0.6513695515030589,0.38480584498785086,1047,local_2,,,
0.38202247191011235,0.6760149105946764,0.3592217562751124,1047,local_2,,,
0.45692883895131087,0.6623282858873409,0.4252099078722807,1047,local_2,0.37435897435897436,0.6714759646427537,0.33787975807972753
0.5895522388059702,0.8276667455061495,0.5960896542950037,1175,central_3,0.5641025641025641,0.7270564083422759,0.5597946509003179
0.6007462686567164,0.8395325349877363,0.6137763078446078,683,federated_3,0.5076923076923077,0.7682390618321907,0.5166513624738949
0.47388059701492535,0.6979102355428336,0.45121391995548144,1227,local_3,,,
0.44776119402985076,0.6882849903975331,0.4410627622140283,1227,local_3,,,
0.4216417910447761,0.6083942974149947,0.3878291623384234,1227,local_3,,,
0.45149253731343286,0.6747983616318723,0.4363549036320932,1227,local_3,,,
0.4701492537313433,0.6776434027257751,0.4502173085483455,1227,local_3,,,
0.4419475655430712,0.6688103507499714,0.42102152748590094,1227,local_3,,,
0.4606741573033708,0.6465497653741665,0.43949051536788114,1227,local_3,,,
0.4419475655430712,0.7185801506695615,0.4174947897051464,1227,local_3,,,
0.46441947565543074,0.6616166013640981,0.4276965595909242,1227,local_3,0.4358974358974359,0.6818878005342832,0.3921841386207455
0.5559701492537313,0.7592837160425454,0.5678331387766375,1462,central_4,0.5487179487179488,0.7567360081887682,0.5496655899689521
0.5335820895522388,0.7614494501392597,0.5464955632464106,1248,federated_4,0.558974358974359,0.7512448945336542,0.563239979699864
0.458955223880597,0.7051490712032078,0.43779563042203956,1119,local_4,,,
0.417910447761194,0.674523665507334,0.37687323763500113,1119,local_4,,,
0.44029850746268656,0.6170377870939047,0.4148857814936887,1119,local_4,,,
0.3880597014925373,0.6665586149035161,0.3645415650830854,1119,local_4,,,
0.45149253731343286,0.6523220803361377,0.41288729654816864,1119,local_4,,,
0.41198501872659177,0.5951368411694105,0.3689132663040658,1119,local_4,,,
0.4157303370786517,0.6539325626944199,0.3820493540569377,1119,local_4,,,
0.4044943820224719,0.6501755673182747,0.3784438067558332,1119,local_4,,,
0.44569288389513106,0.6365870487821015,0.41147797889094173,1119,local_4,0.41025641025641024,0.6410833235947178,0.3790641632426622
0.5708955223880597,0.7825642625892265,0.5589615491217826,1157,central_5,0.5230769230769231,0.7301068187652777,0.5139117961191539
0.5783582089552238,0.7912932727719125,0.5788084202783199,1427,federated_5,0.5025641025641026,0.7296228815015985,0.5026935246068001
0.47761194029850745,0.7081401435836074,0.46153051153390795,1284,local_5,,,
0.44402985074626866,0.6840041670612748,0.4260115794668146,1284,local_5,,,
0.48507462686567165,0.6069910076089464,0.4726154566144421,1284,local_5,,,
0.4552238805970149,0.7190749506168239,0.4369888161690571,1284,local_5,,,
0.4701492537313433,0.6986248554170416,0.45186948288628465,1284,local_5,,,
0.45318352059925093,0.6073437169638451,0.4323485989880982,1284,local_5,,,
0.5056179775280899,0.6921288420097539,0.49255705277415424,1284,local_5,,,
0.45692883895131087,0.7100265372229411,0.4410412873590813,1284,local_5,,,
0.5093632958801498,0.6689257622081082,0.4854701201961216,1284,local_5,0.3641025641025641,0.6654214538583498,0.3323277374896808
0.5430711610486891,0.7281157553681754,0.5264533243002711,906,central_6,0.5384615384615384,0.7606462385686324,0.535654384432665
0.5692883895131086,0.7795227991987388,0.5662470340619364,636,federated_6,0.5333333333333333,0.7922111166010847,0.5385822563181054
0.3917910447761194,0.675349822108185,0.36111488729659735,1044,local_6,,,
0.3656716417910448,0.6504165862889373,0.33640793595544727,1044,local_6,,,
0.3917910447761194,0.662793743451579,0.36006114148649726,1044,local_6,,,
0.3582089552238806,0.6994617224880383,0.34531831813483044,1044,local_6,,,
0.43656716417910446,0.6461464336675129,0.3946749267635624,1044,local_6,,,
0.376865671641791,0.6420774512072822,0.3293024531928593,1044,local_6,,,
0.3895131086142322,0.6449123420117654,0.3563779174113971,1044,local_6,,,
0.4044943820224719,0.7197563057746761,0.3493529890119087,1044,local_6,,,
0.4606741573033708,0.6879746074494433,0.4102219268606567,1044,local_6,0.3641025641025641,0.6528521642049998,0.30480758463702373
0.7191011235955056,0.823485490732891,0.720534484209352,872,central_7,0.5538461538461539,0.7480576754121517,0.5517079348315046
0.6816479400749064,0.7945812407937926,0.6837551728076522,1122,federated_7,0.5692307692307692,0.7737383749744906,0.5651266346096107
0.5074626865671642,0.7130176436278799,0.5044708915148169,1470,local_7,,,
0.48134328358208955,0.7155731438593336,0.47499263493448424,1470,local_7,,,
0.5410447761194029,0.682406785201867,0.5295625833563735,1470,local_7,,,
0.48880597014925375,0.712081718915111,0.4874919285809756,1470,local_7,,,
0.4701492537313433,0.6865745137350074,0.46834325780984337,1470,local_7,,,
0.48507462686567165,0.6615693756970753,0.4741839748360987,1470,local_7,,,
0.46441947565543074,0.6520551383284746,0.43765491649818256,1470,local_7,,,
0.49812734082397003,0.7038379057901354,0.4857471911822704,1470,local_7,,,
0.5093632958801498,0.6881226896068381,0.49287745081767587,1470,local_7,0.4564102564102564,0.6834617538437546,0.4240752787478587
0.5917602996254682,0.8128238669624983,0.5825919078707364,1475,central_8,0.5384615384615384,0.7390022272646471,0.5289167761472378
0.6479400749063671,0.8356123775282949,0.6482743070350797,740,federated_8,0.5692307692307692,0.7640830059108874,0.5717896434571469
0.4552238805970149,0.6758760231766762,0.44134341207744726,1289,local_8,,,
0.4626865671641791,0.7269381306330568,0.4543289264986733,1289,local_8,,,
0.4291044776119403,0.642824873050581,0.43739079761583044,1289,local_8,,,
0.44402985074626866,0.7332222417119804,0.44184334843560097,1289,local_8,,,
0.458955223880597,0.6591335082739784,0.4504399711437406,1289,local_8,,,
0.45149253731343286,0.6709506247177479,0.4271675619458125,1289,local_8,,,
0.45318352059925093,0.6704280621597473,0.43186537682645515,1289,local_8,,,
0.4756554307116105,0.7262822546166683,0.4733471192882883,1289,local_8,,,
0.46441947565543074,0.7120511024260747,0.4482501531090917,1289,local_8,0.4,0.6510970901214803,0.36573523997500507
0.6554307116104869,0.8259744129313396,0.6566642367070702,963,central_9,0.5384615384615384,0.7726063378128998,0.5402769760348757
0.6329588014981273,0.803362469778687,0.627312319810772,1125,federated_9,0.5282051282051282,0.7539360963185923,0.5249968554695177
0.4291044776119403,0.6677960499132303,0.41461455340457365,1403,local_9,,,
0.43656716417910446,0.725050205186414,0.4375267294130425,1403,local_9,,,
0.43656716417910446,0.674562711501201,0.4300581452391225,1403,local_9,,,
0.4141791044776119,0.6892393320964749,0.41315678061979555,1403,local_9,,,
0.417910447761194,0.6655967266891236,0.41314505508974336,1403,local_9,,,
0.4253731343283582,0.6560141233269081,0.4144805875322697,1403,local_9,,,
0.4606741573033708,0.6665381012727973,0.44459795602836405,1403,local_9,,,
0.4606741573033708,0.7068698937815064,0.450877464076777,1403,local_9,,,
0.43820224719101125,0.7530929593650679,0.42648575359249524,1403,local_9,0.4153846153846154,0.70180929514663,0.3813195406906914
0.6791044776119403,0.8201693129949674,0.6733722458098,1227,central_0,0.5538461538461539,0.7275620006728976,0.5518613387171255
0.6343283582089553,0.8019292802537473,0.6349840444020991,1450,federated_0,0.5282051282051282,0.6960470748137881,0.5257446840264152
0.48880597014925375,0.6810755178180883,0.466074288729383,1480,local_0,,,
0.47388059701492535,0.5974929959853277,0.4474786181945531,1480,local_0,,,
0.4701492537313433,0.7414954896206933,0.4653368190279312,1480,local_0,,,
0.4552238805970149,0.6639718541807021,0.43555540350166294,1480,local_0,,,
0.4626865671641791,0.6383454232087729,0.43773387211377685,1480,local_0,,,
0.4606741573033708,0.6586259802250256,0.4416299322022131,1480,local_0,,,
0.4794007490636704,0.6750910279597806,0.4619990107485577,1480,local_0,,,
0.4756554307116105,0.6920005886457824,0.4595169789053733,1480,local_0,,,
0.5280898876404494,0.6803225480720685,0.4956249983016796,1480,local_0,0.41025641025641024,0.6874348598003206,0.3626128856898087
0.5671641791044776,0.7605556364106794,0.5546387711845581,1303,central_1,0.5538461538461539,0.7093485207889898,0.5413665196204543
0.5783582089552238,0.7904675388498797,0.583971801114876,1254,federated_1,0.5538461538461539,0.753553836847563,0.5514867450351322
0.4925373134328358,0.7159590311469268,0.487535418665133,1424,local_1,,,
0.4925373134328358,0.6648926702502581,0.48993952489574666,1424,local_1,,,
0.5074626865671642,0.7595527045769764,0.5010398873087576,1424,local_1,,,
0.5261194029850746,0.7259520451339916,0.5105285527993357,1424,local_1,,,
0.503731343283582,0.7151234376522486,0.4854613639746811,1424,local_1,,,
0.45692883895131087,0.6515569102723224,0.4409044501505808,1424,local_1,,,
0.5243445692883895,0.729701400274142,0.5193494840205103,1424,local_1,,,
0.4943820224719101,0.7557053120546161,0.4894378964375484,1424,local_1,,,
0.550561797752809,0.7072627278996975,0.5365423940567463,1424,local_1,0.4205128205128205,0.6560796842698742,0.3882105413708697
0.5895522388059702,0.7499231546129188,0.5957331058824111,1329,central_2,0.5641025641025641,0.7702132512259094,0.56687312691645
0.5895522388059702,0.7350632684732004,0.5854850351262154,1405,federated_2,0.5025641025641026,0.728700659295729,0.49887976425988606
0.40298507462686567,0.6505935518022212,0.36304426498228515,831,local_2,,,
0.3843283582089552,0.6506988551808659,0.34886508619926454,831,local_2,,,
0.373134328358209,0.6252107279693486,0.34476566046974877,831,local_2,,,
0.35074626865671643,0.5741859552765791,0.3128729577288635,831,local_2,,,
0.3805970149253731,0.6075671957151982,0.33510760156334046,831,local_2,,,
0.39325842696629215,0.6189388323221932,0.3543248292766309,831,local_2,,,
0.37453183520599254,0.6583202362821567,0.36108782202857886,831,local_2,,,
0.352059925093633,0.6329275339217757,0.3262943403281551,831,local_2,,,
0.4307116104868914,0.634202684053681,0.384976926780378,831,local_2,0.37948717948717947,0.6383135923899241,0.3207987353267469
0.6268656716417911,0.8374263392261952,0.635769896365305,1121,central_3,0.5282051282051282,0.7857973636598604,0.5293235650157097
0.5970149253731343,0.8256704414417078,0.6068169603318042,1461,federated_3,0.5435897435897435,0.7171330668189606,0.5416215099681059
0.4552238805970149,0.6959669278469451,0.42400484788195375,1465,local_3,,,
0.48507462686567165,0.7030255138650463,0.4763846036055037,1465,local_3,,,
0.44776119402985076,0.6382563675865576,0.4402659144798313,1465,local_3,,,
0.43656716417910446,0.674805483512412,0.41396123397553997,1465,local_3,,,
0.45149253731343286,0.6428905263367242,0.40918697390742204,1465,local_3,,,
0.45318352059925093,0.6572098770199046,0.42278535018399477,1465,local_3,,,
0.48314606741573035,0.6542114982149452,0.4609704254311655,1465,local_3,,,
0.45692883895131087,0.7118256777254872,0.4206973129147531,1465,local_3,,,
0.4794007490636704,0.682897862232779,0.4503040565072186,1465,local_3,0.4358974358974359,0.6698843784893562,0.3989008789008789
0.5634328358208955,0.7652446520776985,0.5679469300637212,1210,central_4,0.5384615384615384,0.7294083777170002,0.5332460545742174
0.5559701492537313,0.7725918570009931,0.5687979292718941,1304,federated_4,0.5076923076923077,0.7408523079649154,0.512998995858108
0.44029850746268656,0.674167228654743,0.4147004866791658,1217,local_4,,,
0.39552238805970147,0.6836437269020875,0.3733506145558831,1217,local_4,,,
0.4701492537313433,0.6345914323457257,0.45978340007280677,1217,local_4,,,
0.4141791044776119,0.6862992828211513,0.40450804862085094,1217,local_4,,,
0.47761194029850745,0.6921947224235806,0.44902090193999983,1217,local_4,,,
0.4419475655430712,0.6490660772515793,0.4228593041516133,1217,local_4,,,
0.4756554307116105,0.6843882095945985,0.45984956090238854,1217,local_4,,,
0.44569288389513106,0.708944854334411,0.4250243211135215,1217,local_4,,,
0.4943820224719101,0.6578417079127471,0.4665055996013782,1217,local_4,0.4,0.6826975230518892,0.37093961112936447
0.582089552238806,0.770375012891812,0.5751183686106844,890,central_5,0.5333333333333333,0.7389901404242605,0.5269028909534462
0.582089552238806,0.786398000479761,0.5914317825853896,916,federated_5,0.5333333333333333,0.7361841316596167,0.5370088768621901
0.26492537313432835,0.44781609691373336,0.1910640799529688,139,local_5,,,
0.22014925373134328,0.43668484829376464,0.15330088027267397,139,local_5,,,
0.26119402985074625,0.434823670823585,0.19239266032439703,139,local_5,,,
0.27611940298507465,0.46047057836681626,0.21434437865022712,139,local_5,,,
0.26492537313432835,0.4277894916192788,0.1717816154739277,139,local_5,,,
0.2808988764044944,0.43012933506063245,0.21003309429380318,139,local_5,,,
0.23220973782771537,0.4685925806711194,0.15823412174520066,139,local_5,,,
0.23595505617977527,0.4920123720544626,0.16330937140330004,139,local_5,,,
0.26217228464419473,0.4293173117822203,0.18411512507825692,139,local_5,0.28205128205128205,0.4317185299354256,0.19782458927671356
0.5617977528089888,0.7261140323245051,0.5531106519547496,981,central_6,0.5435897435897435,0.7312606573077013,0.5486748484932191
0.5205992509363296,0.7641474148290214,0.513099019696593,1308,federated_6,0.5538461538461539,0.7319076667128795,0.5434153928477974
0.5,0.7036983334390605,0.4845408298138389,1373,local_6,,,
0.44402985074626866,0.6961157453391582,0.44216553450911655,1373,local_6,,,
0.39552238805970147,0.6123183746946124,0.37909973981031925,1373,local_6,,,
0.417910447761194,0.7366425490468902,0.4108501332443743,1373,local_6,,,
0.47388059701492535,0.6470923197380596,0.4516707777638419,1373,local_6,,,
0.4291044776119403,0.6552315608919382,0.4180010654524566,1373,local_6,,,
0.4794007490636704,0.6654504779141723,0.4551066810509284,1373,local_6,,,
0.4681647940074906,0.7359074858104235,0.440681651702449,1373,local_6,,,
0.50187265917603,0.6850453278692377,0.47052765623706094,1373,local_6,0.4307692307692308,0.6518856630799281,0.39971651624702015
0.6554307116104869,0.8053511705685619,0.6630197162808139,1068,central_7,0.5538461538461539,0.7806351456245149,0.5540729316809959
0.651685393258427,0.8015809341413006,0.6536706428486441,1499,federated_7,0.5076923076923077,0.7358558721271504,0.5095502681917919
0.5074626865671642,0.6961253566549253,0.4930350814649411,1397,local_7,,,
0.4962686567164179,0.6789070393319206,0.48669465311439714,1397,local_7,,,
0.4925373134328358,0.6412201184297097,0.47890829017215847,1397,local_7,,,
0.4626865671641791,0.6452567005039072,0.4585219987692751,1397,local_7,,,
0.45149253731343286,0.6511552229092092,0.44197600800695225,1397,local_7,,,
0.4962686567164179,0.6345187346818109,0.47749721451112553,1397,local_7,,,
0.45318352059925093,0.6295377742969441,0.42057499772022316,1397,local_7,,,
0.50187265917603,0.7079106123949723,0.4850374259457656,1397,local_7,,,
0.4756554307116105,0.677220232807334,0.4595196152181695,1397,local_7,0.441025641025641,0.6789168546166512,0.40513854975970504
0.6142322097378277,0.8119558235107461,0.6150296861855603,1474,central_8,0.5333333333333333,0.7140069331652565,0.5320528059642018
0.5767790262172284,0.8126797783026589,0.583991697582809,497,federated_8,0.5076923076923077,0.7653125036872721,0.5097711316539658
0.48134328358208955,0.6908196509492298,0.46921969380322776,1069,local_8,,,
0.4253731343283582,0.7008686259507628,0.4208096170095088,1069,local_8,,,
0.4253731343283582,0.6556111598780123,0.4238437849554012,1069,local_8,,,
0.4141791044776119,0.6915953644535904,0.40670674951985786,1069,local_8,,,
0.458955223880597,0.6589038128249567,0.446381900019154,1069,local_8,,,
0.4291044776119403,0.6252775179737173,0.40511984895919395,1069,local_8,,,
0.4419475655430712,0.6497937846553055,0.4214206495710588,1069,local_8,,,
0.49063670411985016,0.7222547298615175,0.48538754010320206,1069,local_8,,,
0.4756554307116105,0.7245537955904505,0.45783541468068306,1069,local_8,0.4358974358974359,0.6497089890062513,0.391844706460091
0.6591760299625468,0.8081546414575509,0.6570014510210234,1258,central_9,0.5435897435897435,0.7477185308092617,0.546756458816592
0.6142322097378277,0.8061410669746479,0.6066714206936692,1333,federated_9,0.5743589743589743,0.7558069949909128,0.5723720949083855
0.48507462686567165,0.6851574493578463,0.4628529426065892,1350,local_9,,,
0.4552238805970149,0.7009284244225932,0.45100359330176765,1350,local_9,,,
0.4552238805970149,0.6568694335672831,0.43533446454103814,1350,local_9,,,
0.45149253731343286,0.7102780358802088,0.44405364239990713,1350,local_9,,,
0.43283582089552236,0.6622223042972428,0.4116209948490457,1350,local_9,,,
0.4701492537313433,0.6981180456980631,0.45643620613285024,1350,local_9,,,
0.44569288389513106,0.6612773994162422,0.4198552435624055,1350,local_9,,,
0.4681647940074906,0.708121978328584,0.46055157774520195,1350,local_9,,,
0.449438202247191,0.7418475872374088,0.4342339030424129,1350,local_9,0.38974358974358975,0.6489089764012892,0.349670507909927
